Const,Your Rating,Date Rated,Title,URL,Title Type,IMDb Rating,Runtime (mins),Year,Genres,Num Votes,Release Date,Directors
tt0100758,7,2020-08-17,Teenage Mutant Ninja Turtles,https://www.imdb.com/title/tt0100758/,movie,6.8,93,1990,"Action, Adventure, Comedy, Family, Sci-Fi",91566,1990-03-30,Steve Barron
tt1010048,8,2020-08-17,Slumdog Millionaire,https://www.imdb.com/title/tt1010048/,movie,8.0,120,2008,"Drama, Romance",827891,2008-08-30,"Loveleen Tandan, Danny Boyle"
tt0101414,8,2020-08-17,Beauty and the Beast,https://www.imdb.com/title/tt0101414/,movie,8.0,84,1991,"Animation, Family, Fantasy, Musical, Romance",434974,1991-09-29,"Gary Trousdale, Kirk Wise"
tt0102587,7,2020-08-17,Omohide poro poro,https://www.imdb.com/title/tt0102587/,movie,7.6,118,1991,"Animation, Drama, Romance",30698,1991-07-20,Isao Takahata
tt0103064,8,2020-08-17,Terminator 2: Judgment Day,https://www.imdb.com/title/tt0103064/,movie,8.5,137,1991,"Action, Sci-Fi",1055850,1991-07-01,James Cameron
tt0103639,7,2020-08-17,Aladdin,https://www.imdb.com/title/tt0103639/,movie,8.0,90,1992,"Animation, Adventure, Comedy, Family, Fantasy, Musical, Romance",394692,1992-11-08,"Ron Clements, John Musker"
tt0103776,4,2020-08-17,Batman Returns,https://www.imdb.com/title/tt0103776/,movie,7.0,126,1992,"Action, Crime, Fantasy",291919,1992-06-16,Tim Burton
tt0104431,6,2020-08-17,Home Alone 2: Lost in New York,https://www.imdb.com/title/tt0104431/,movie,6.8,120,1992,"Adventure, Comedy, Crime, Family",341645,1992-11-15,Chris Columbus
tt0104652,6,2020-08-17,Kurenai no buta,https://www.imdb.com/title/tt0104652/,movie,7.7,94,1992,"Animation, Adventure, Comedy, Fantasy",85736,1992-07-18,Hayao Miyazaki
tt1049413,8,2020-08-17,Up,https://www.imdb.com/title/tt1049413/,movie,8.2,96,2009,"Animation, Adventure, Comedy, Drama, Family",999947,2009-05-13,"Pete Docter, Bob Peterson"
tt1051906,8,2020-08-17,The Invisible Man,https://www.imdb.com/title/tt1051906/,movie,7.1,124,2020,"Drama, Horror, Mystery, Sci-Fi, Thriller",208737,2020-02-24,Leigh Whannell
tt0105236,9,2021-03-18,Reservoir Dogs,https://www.imdb.com/title/tt0105236/,movie,8.3,99,1992,"Crime, Drama, Thriller",978708,1992-01-21,Quentin Tarantino
tt10618286,6,2021-01-14,Mank,https://www.imdb.com/title/tt10618286/,movie,6.9,131,2020,"Biography, Comedy, Drama",69947,2020-11-13,David Fincher
tt0106364,6,2020-08-17,Batman: Mask of the Phantasm,https://www.imdb.com/title/tt0106364/,movie,7.8,76,1993,"Animation, Action, Adventure, Crime, Family, Mystery, Sci-Fi",47830,1993-12-25,"Boyd Kirkland, Eric Radomski, Kevin Altieri, Bruce Timm, Frank Paur, Dan Riba"
tt1065073,9,2020-08-17,Boyhood,https://www.imdb.com/title/tt1065073/,movie,7.9,165,2014,Drama,348411,2014-01-19,Richard Linklater
tt0106977,6,2020-08-17,The Fugitive,https://www.imdb.com/title/tt0106977/,movie,7.8,130,1993,"Action, Crime, Drama, Mystery, Thriller",285177,1993-07-29,Andrew Davis
tt0107290,7,2020-08-17,Jurassic Park,https://www.imdb.com/title/tt0107290/,movie,8.1,127,1993,"Action, Adventure, Sci-Fi, Thriller",932003,1993-06-09,Steven Spielberg
tt1074638,8,2021-09-08,Skyfall,https://www.imdb.com/title/tt1074638/,movie,7.8,143,2012,"Action, Adventure, Thriller",679058,2012-10-23,Sam Mendes
tt0108052,9,2020-10-06,Schindler's List,https://www.imdb.com/title/tt0108052/,movie,8.9,195,1993,"Biography, Drama, History",1298820,1993-11-30,Steven Spielberg
tt0108394,7,2021-08-04,Trois couleurs: Bleu,https://www.imdb.com/title/tt0108394/,movie,7.9,94,1993,"Drama, Music, Mystery, Romance",98710,1993-09-03,Krzysztof Kieslowski
tt10872600,9,2021-12-20,Spider-Man: No Way Home,https://www.imdb.com/title/tt10872600/,movie,8.7,148,2021,"Action, Adventure, Fantasy, Sci-Fi",456995,2021-12-13,Jon Watts
tt0109830,8,2020-08-17,Forrest Gump,https://www.imdb.com/title/tt0109830/,movie,8.8,142,1994,"Drama, Romance",1963197,1994-06-23,Robert Zemeckis
tt1100089,7,2020-09-23,Foxcatcher,https://www.imdb.com/title/tt1100089/,movie,7.0,134,2014,"Biography, Drama, History, Sport",140391,2014-05-19,Bennett Miller
tt0110357,8,2020-08-17,The Lion King,https://www.imdb.com/title/tt0110357/,movie,8.5,88,1994,"Animation, Adventure, Drama, Family, Musical",1009377,1994-06-12,"Rob Minkoff, Roger Allers"
tt0110912,7,2021-03-19,Pulp Fiction,https://www.imdb.com/title/tt0110912/,movie,8.9,154,1994,"Crime, Drama",1957226,1994-05-21,Quentin Tarantino
tt0111161,9,2020-08-17,The Shawshank Redemption,https://www.imdb.com/title/tt0111161/,movie,9.3,142,1994,Drama,2544355,1994-09-10,Frank Darabont
tt0111495,8,2020-08-17,Trois couleurs: Rouge,https://www.imdb.com/title/tt0111495/,movie,8.1,99,1994,"Drama, Mystery, Romance",100429,1994-05-16,Krzysztof Kieslowski
tt0111507,7,2020-08-17,Trois couleurs: Blanc,https://www.imdb.com/title/tt0111507/,movie,7.6,92,1994,"Comedy, Drama, Romance",71271,1994-01-26,Krzysztof Kieslowski
tt11286314,8,2022-02-11,Don't Look Up,https://www.imdb.com/title/tt11286314/,movie,7.2,138,2021,"Comedy, Drama, Sci-Fi",424637,2021-12-05,Adam McKay
tt1130884,6,2021-03-15,Shutter Island,https://www.imdb.com/title/tt1130884/,movie,8.2,138,2010,"Mystery, Thriller",1236125,2010-02-13,Martin Scorsese
tt0113277,7,2020-10-03,Heat,https://www.imdb.com/title/tt0113277/,movie,8.2,170,1995,"Action, Crime, Drama",625008,1995-12-06,Michael Mann
tt1136608,8,2020-08-17,District 9,https://www.imdb.com/title/tt1136608/,movie,7.9,112,2009,"Action, Sci-Fi, Thriller",664968,2009-08-13,Neill Blomkamp
tt0113824,8,2020-08-17,Mimi wo sumaseba,https://www.imdb.com/title/tt0113824/,movie,7.9,111,1995,"Animation, Drama, Family, Romance",59207,1995-07-15,Yoshifumi Kondô
tt0114148,7,2020-08-17,Pocahontas,https://www.imdb.com/title/tt0114148/,movie,6.7,81,1995,"Animation, Adventure, Drama, Family, Musical, Romance",181103,1995-06-15,"Eric Goldberg, Mike Gabriel"
tt0114369,8,2020-08-17,Se7en,https://www.imdb.com/title/tt0114369/,movie,8.6,127,1995,"Crime, Drama, Mystery, Thriller",1560149,1995-09-15,David Fincher
tt0114709,9,2020-08-17,Toy Story,https://www.imdb.com/title/tt0114709/,movie,8.3,81,1995,"Animation, Adventure, Comedy, Family, Fantasy",950061,1995-11-19,John Lasseter
tt1160419,8,2021-11-04,Dune: Part One,https://www.imdb.com/title/tt1160419/,movie,8.1,155,2021,"Action, Adventure, Drama, Sci-Fi",482645,2021-09-03,Denis Villeneuve
tt0116282,8,2021-12-03,Fargo,https://www.imdb.com/title/tt0116282/,movie,8.1,98,1996,"Crime, Thriller",656694,1996-03-08,"Ethan Coen, Joel Coen"
tt1170358,7,2020-08-17,The Hobbit: The Desolation of Smaug,https://www.imdb.com/title/tt1170358/,movie,7.8,161,2013,"Adventure, Fantasy",636092,2013-12-02,Peter Jackson
tt0117951,8,2022-02-03,Trainspotting,https://www.imdb.com/title/tt0117951/,movie,8.1,93,1996,Drama,667269,1996-02-23,Danny Boyle
tt0119698,8,2020-08-17,Mononoke-hime,https://www.imdb.com/title/tt0119698/,movie,8.4,134,1997,"Animation, Action, Adventure, Fantasy",375822,1997-07-12,Hayao Miyazaki
tt1201607,9,2021-01-05,Harry Potter and the Deathly Hallows: Part 2,https://www.imdb.com/title/tt1201607/,movie,8.1,130,2011,"Adventure, Fantasy, Mystery",831614,2011-07-07,David Yates
tt0120338,8,2020-08-17,Titanic,https://www.imdb.com/title/tt0120338/,movie,7.8,194,1997,"Drama, Romance",1120475,1997-11-01,James Cameron
tt0120363,8,2020-08-17,Toy Story 2,https://www.imdb.com/title/tt0120363/,movie,7.9,92,1999,"Animation, Adventure, Comedy, Family, Fantasy",559583,1999-11-13,"John Lasseter, Ash Brannon, Lee Unkrich"
tt0120623,7,2020-08-17,A Bug's Life,https://www.imdb.com/title/tt0120623/,movie,7.2,95,1998,"Animation, Adventure, Comedy, Family, Fantasy",283107,1998-11-14,"John Lasseter, Andrew Stanton"
tt0120630,8,2020-08-17,Chicken Run,https://www.imdb.com/title/tt0120630/,movie,7.0,84,2000,"Animation, Adventure, Comedy, Drama, Family",186625,2000-06-17,"Peter Lord, Nick Park"
tt0120737,9,2020-08-17,The Lord of the Rings: The Fellowship of the Ring,https://www.imdb.com/title/tt0120737/,movie,8.8,178,2001,"Action, Adventure, Drama, Fantasy",1775684,2001-12-10,Peter Jackson
tt0120762,7,2020-08-17,Mulan,https://www.imdb.com/title/tt0120762/,movie,7.7,88,1998,"Animation, Adventure, Comedy, Family, Fantasy, Musical, War",275659,1998-06-05,"Tony Bancroft, Barry Cook"
tt0120815,9,2020-10-02,Saving Private Ryan,https://www.imdb.com/title/tt0120815/,movie,8.6,169,1998,"Drama, War",1327184,1998-07-21,Steven Spielberg
tt0120855,6,2021-04-16,Tarzan,https://www.imdb.com/title/tt0120855/,movie,7.3,88,1999,"Animation, Adventure, Comedy, Drama, Family, Music",217795,1999-06-12,"Kevin Lima, Chris Buck"
tt0120863,9,2020-08-17,The Thin Red Line,https://www.imdb.com/title/tt0120863/,movie,7.6,170,1998,"Drama, History, War",183763,1998-12-22,Terrence Malick
tt0120915,4,2020-08-17,Star Wars: Episode I - The Phantom Menace,https://www.imdb.com/title/tt0120915/,movie,6.5,136,1999,"Action, Adventure, Fantasy, Sci-Fi",771081,1999-05-16,George Lucas
tt1210166,9,2020-08-17,Moneyball,https://www.imdb.com/title/tt1210166/,movie,7.6,133,2011,"Biography, Drama, Sport",404385,2011-09-09,Bennett Miller
tt1211837,6,2020-08-17,Doctor Strange,https://www.imdb.com/title/tt1211837/,movie,7.5,115,2016,"Action, Adventure, Fantasy, Sci-Fi",678112,2016-10-13,Scott Derrickson
tt1213641,8,2020-08-17,First Man,https://www.imdb.com/title/tt1213641/,movie,7.3,141,2018,"Biography, Drama, History",182383,2018-08-29,Damien Chazelle
tt1213663,7,2020-08-17,The World's End,https://www.imdb.com/title/tt1213663/,movie,7.0,109,2013,"Comedy, Sci-Fi",274207,2013-07-10,Edgar Wright
tt1217209,6,2020-08-17,Brave,https://www.imdb.com/title/tt1217209/,movie,7.1,93,2012,"Animation, Adventure, Comedy, Family, Fantasy",396895,2012-06-10,"Steve Purcell, Mark Andrews, Brenda Chapman"
tt0121765,5,2020-08-17,Star Wars: Episode II - Attack of the Clones,https://www.imdb.com/title/tt0121765/,movie,6.5,142,2002,"Action, Adventure, Fantasy, Sci-Fi",680072,2002-05-12,George Lucas
tt0121766,7,2020-08-17,Star Wars: Episode III - Revenge of the Sith,https://www.imdb.com/title/tt0121766/,movie,7.5,140,2005,"Action, Adventure, Fantasy, Sci-Fi",753494,2005-05-12,George Lucas
tt1228705,5,2020-08-17,Iron Man 2,https://www.imdb.com/title/tt1228705/,movie,6.9,124,2010,"Action, Adventure, Sci-Fi",781455,2010-04-26,Jon Favreau
tt1255953,9,2020-08-17,Incendies,https://www.imdb.com/title/tt1255953/,movie,8.3,131,2010,"Drama, Mystery, War",168985,2010-09-03,Denis Villeneuve
tt1270797,4,2020-08-17,Venom,https://www.imdb.com/title/tt1270797/,movie,6.7,112,2018,"Action, Adventure, Sci-Fi",453719,2018-10-01,Ruben Fleischer
tt1276104,9,2021-03-15,Looper,https://www.imdb.com/title/tt1276104/,movie,7.4,119,2012,"Action, Drama, Sci-Fi, Thriller",561448,2012-09-06,Rian Johnson
tt0128445,7,2020-08-17,Rushmore,https://www.imdb.com/title/tt0128445/,movie,7.7,93,1998,"Comedy, Drama, Romance",180923,1998-09-17,Wes Anderson
tt1285016,9,2020-08-17,The Social Network,https://www.imdb.com/title/tt1285016/,movie,7.7,120,2010,"Biography, Drama",673783,2010-09-24,David Fincher
tt0129167,8,2020-08-17,The Iron Giant,https://www.imdb.com/title/tt0129167/,movie,8.0,86,1999,"Animation, Action, Adventure, Comedy, Drama, Family, Sci-Fi",185041,1999-07-31,Brad Bird
tt1300854,6,2020-08-17,Iron Man Three,https://www.imdb.com/title/tt1300854/,movie,7.1,130,2013,"Action, Adventure, Sci-Fi",813978,2013-04-12,Shane Black
tt1302006,7,2021-04-05,The Irishman,https://www.imdb.com/title/tt1302006/,movie,7.8,209,2019,"Biography, Crime, Drama",364748,2019-09-27,Martin Scorsese
tt0133093,7,2020-08-17,The Matrix,https://www.imdb.com/title/tt0133093/,movie,8.7,136,1999,"Action, Sci-Fi",1835595,1999-03-24,"Lilly Wachowski, Lana Wachowski"
tt1337193,6,2020-08-17,Guy and Madeline on a Park Bench,https://www.imdb.com/title/tt1337193/,movie,6.0,82,2009,"Drama, Musical",1624,2009-04-23,Damien Chazelle
tt1345836,9,2020-08-17,The Dark Knight Rises,https://www.imdb.com/title/tt1345836/,movie,8.4,164,2012,"Action, Crime, Drama",1617377,2012-07-16,Christopher Nolan
tt0137523,6,2020-12-05,Fight Club,https://www.imdb.com/title/tt0137523/,movie,8.8,139,1999,Drama,2002661,1999-09-10,David Fincher
tt1375666,10,2020-09-04,Inception,https://www.imdb.com/title/tt1375666/,movie,8.8,148,2010,"Action, Adventure, Sci-Fi, Thriller",2234547,2010-07-08,Christopher Nolan
tt1392170,6,2020-08-17,The Hunger Games,https://www.imdb.com/title/tt1392170/,movie,7.2,142,2012,"Action, Adventure, Sci-Fi, Thriller",889787,2012-03-12,Gary Ross
tt1392190,9,2020-08-17,Mad Max: Fury Road,https://www.imdb.com/title/tt1392190/,movie,8.1,120,2015,"Action, Adventure, Sci-Fi, Thriller",953641,2015-05-07,George Miller
tt1392214,8,2020-08-17,Prisoners,https://www.imdb.com/title/tt1392214/,movie,8.1,153,2013,"Crime, Drama, Mystery, Thriller",663914,2013-08-30,Denis Villeneuve
tt1454468,9,2020-08-17,Gravity,https://www.imdb.com/title/tt1454468/,movie,7.7,91,2013,"Action, Drama, Sci-Fi",805070,2013-08-28,Alfonso Cuarón
tt0145487,7,2020-08-17,Spider-Man,https://www.imdb.com/title/tt0145487/,movie,7.3,121,2002,"Action, Adventure, Sci-Fi",780892,2002-04-30,Sam Raimi
tt1475582,9,2020-03-11,Sherlock,https://www.imdb.com/title/tt1475582/,tvSeries,9.1,88,2010,"Crime, Drama, Mystery, Thriller",878194,2010-07-22,
tt1477834,4,2020-08-17,Aquaman,https://www.imdb.com/title/tt1477834/,movie,6.9,143,2018,"Action, Adventure, Fantasy, Sci-Fi",432018,2018-11-26,James Wan
tt1489887,8,2020-08-17,Booksmart,https://www.imdb.com/title/tt1489887/,movie,7.2,102,2019,Comedy,111353,2019-03-10,Olivia Wilde
tt1490017,8,2020-08-17,The Lego Movie,https://www.imdb.com/title/tt1490017/,movie,7.7,100,2014,"Animation, Action, Adventure, Comedy, Family, Fantasy, Sci-Fi",341513,2014-02-01,"Christopher Miller, Phil Lord"
tt1504320,9,2020-08-17,The King's Speech,https://www.imdb.com/title/tt1504320/,movie,8.0,118,2010,"Biography, Drama, History",665700,2010-09-06,Tom Hooper
tt1517451,8,2020-11-30,A Star Is Born,https://www.imdb.com/title/tt1517451/,movie,7.6,136,2018,"Drama, Music, Romance",367473,2018-08-31,Bradley Cooper
tt1542344,8,2020-08-17,127 Hours,https://www.imdb.com/title/tt1542344/,movie,7.5,94,2010,"Biography, Drama",367571,2010-09-04,Danny Boyle
tt0154506,7,2020-08-17,Following,https://www.imdb.com/title/tt0154506/,movie,7.5,69,1998,"Crime, Mystery, Thriller",91483,1998-04-24,Christopher Nolan
tt1568346,8,2021-01-25,The Girl with the Dragon Tattoo,https://www.imdb.com/title/tt1568346/,movie,7.8,158,2011,"Crime, Drama, Mystery, Thriller",450686,2011-12-12,David Fincher
tt1596363,8,2020-08-17,The Big Short,https://www.imdb.com/title/tt1596363/,movie,7.8,130,2015,"Biography, Comedy, Drama, History",408059,2015-11-12,Adam McKay
tt1619029,7,2021-12-23,Jackie,https://www.imdb.com/title/tt1619029/,movie,6.7,100,2016,"Biography, Drama",77889,2016-09-07,Pablo Larraín
tt1638355,6,2020-08-17,The Man from U.N.C.L.E.,https://www.imdb.com/title/tt1638355/,movie,7.3,116,2015,"Action, Adventure, Comedy",297639,2015-08-02,Guy Ritchie
tt1659337,7,2020-08-17,The Perks of Being a Wallflower,https://www.imdb.com/title/tt1659337/,movie,7.9,103,2012,"Drama, Romance",492257,2012-09-08,Stephen Chbosky
tt1663202,8,2020-08-17,The Revenant,https://www.imdb.com/title/tt1663202/,movie,8.0,156,2015,"Action, Adventure, Drama, History, Western",766313,2015-12-16,Alejandro G. Iñárritu
tt1663662,4,2020-08-17,Pacific Rim,https://www.imdb.com/title/tt1663662/,movie,6.9,131,2013,"Action, Adventure, Sci-Fi",487658,2013-07-01,Guillermo del Toro
tt0167260,9,2020-08-17,The Lord of the Rings: The Return of the King,https://www.imdb.com/title/tt0167260/,movie,8.9,201,2003,"Action, Adventure, Drama, Fantasy",1753913,2003-12-01,Peter Jackson
tt0167261,9,2020-08-17,The Lord of the Rings: The Two Towers,https://www.imdb.com/title/tt0167261/,movie,8.7,179,2002,"Action, Adventure, Drama, Fantasy",1584662,2002-12-05,Peter Jackson
tt1706620,7,2020-08-17,Snowpiercer,https://www.imdb.com/title/tt1706620/,movie,7.1,126,2013,"Action, Drama, Sci-Fi",349109,2013-07-29,Bong Joon Ho
tt1707386,6,2020-08-17,Les Misérables,https://www.imdb.com/title/tt1707386/,movie,7.6,158,2012,"Drama, Musical, Romance",322825,2012-12-05,Tom Hooper
tt1723811,8,2020-12-06,Shame,https://www.imdb.com/title/tt1723811/,movie,7.2,101,2011,Drama,192080,2011-09-04,Steve McQueen
tt0172495,8,2021-05-11,Gladiator,https://www.imdb.com/title/tt0172495/,movie,8.5,155,2000,"Action, Adventure, Drama",1434828,2000-05-01,Ridley Scott
tt1748122,8,2020-08-17,Moonrise Kingdom,https://www.imdb.com/title/tt1748122/,movie,7.8,94,2012,"Comedy, Drama, Romance",340082,2012-05-16,Wes Anderson
tt1790885,8,2020-08-17,Zero Dark Thirty,https://www.imdb.com/title/tt1790885/,movie,7.4,157,2012,"Drama, History, Thriller, War",290655,2012-12-10,Kathryn Bigelow
tt1798188,6,2020-08-17,Kokuriko-zaka kara,https://www.imdb.com/title/tt1798188/,movie,7.4,91,2011,"Animation, Comedy, Drama, Family, Romance",41555,2011-07-16,Gorô Miyazaki
tt1798709,8,2021-07-16,Her,https://www.imdb.com/title/tt1798709/,movie,8.0,126,2013,"Drama, Romance, Sci-Fi",582451,2013-10-12,Spike Jonze
tt1809398,5,2020-11-14,Unbroken,https://www.imdb.com/title/tt1809398/,movie,7.2,137,2014,"Action, Biography, Drama, Sport, War",162045,2014-11-17,Angelina Jolie
tt1817273,8,2021-02-21,The Place Beyond the Pines,https://www.imdb.com/title/tt1817273/,movie,7.3,140,2012,"Crime, Drama, Thriller",260752,2012-09-07,Derek Cianfrance
tt0181865,6,2020-08-17,Traffic,https://www.imdb.com/title/tt0181865/,movie,7.6,147,2000,"Crime, Drama, Thriller",204303,2000-12-06,Steven Soderbergh
tt1825683,8,2020-08-17,Black Panther,https://www.imdb.com/title/tt1825683/,movie,7.3,134,2018,"Action, Adventure, Sci-Fi",706319,2018-01-29,Ryan Coogler
tt1843866,8,2020-08-17,Captain America: The Winter Soldier,https://www.imdb.com/title/tt1843866/,movie,7.7,136,2014,"Action, Adventure, Sci-Fi, Thriller",803089,2014-03-13,"Anthony Russo, Joe Russo"
tt1853728,8,2021-04-03,Django Unchained,https://www.imdb.com/title/tt1853728/,movie,8.4,165,2012,"Drama, Western",1470374,2012-12-11,Quentin Tarantino
tt1856101,9,2020-08-17,Blade Runner 2049,https://www.imdb.com/title/tt1856101/,movie,8.0,164,2017,"Action, Drama, Mystery, Sci-Fi, Thriller",527977,2017-10-03,Denis Villeneuve
tt1865505,7,2020-08-17,Song of the Sea,https://www.imdb.com/title/tt1865505/,movie,8.1,93,2014,"Animation, Adventure, Drama, Family, Fantasy",56650,2014-09-06,Tomm Moore
tt1872181,4,2020-08-17,The Amazing Spider-Man 2,https://www.imdb.com/title/tt1872181/,movie,6.6,142,2014,"Action, Adventure, Sci-Fi",473325,2014-04-10,Marc Webb
tt1895587,9,2020-08-17,Spotlight,https://www.imdb.com/title/tt1895587/,movie,8.1,129,2015,"Biography, Crime, Drama",453481,2015-09-03,Tom McCarthy
tt1935156,8,2020-07-29,Jodorowsky's Dune,https://www.imdb.com/title/tt1935156/,movie,8.0,90,2013,Documentary,24644,2013-05-18,Frank Pavich
tt1942612,10,2020-03-11,Sherlock: A Scandal in Belgravia,https://www.imdb.com/title/tt1942612/,tvEpisode,9.5,89,2012,"Crime, Drama, Mystery, Thriller",38541,2012-01-01,Paul McGuigan
tt1950186,8,2021-04-10,Ford v Ferrari,https://www.imdb.com/title/tt1950186/,movie,8.1,152,2019,"Action, Biography, Drama, Sport",355187,2019-08-30,James Mangold
tt1951264,7,2020-08-17,The Hunger Games: Catching Fire,https://www.imdb.com/title/tt1951264/,movie,7.5,146,2013,"Action, Adventure, Drama, Sci-Fi, Thriller",644926,2013-11-11,Francis Lawrence
tt1951265,6,2020-08-17,The Hunger Games: Mockingjay - Part 1,https://www.imdb.com/title/tt1951265/,movie,6.6,123,2014,"Action, Adventure, Sci-Fi, Thriller",440116,2014-11-10,Francis Lawrence
tt1951266,6,2020-08-17,The Hunger Games: Mockingjay - Part 2,https://www.imdb.com/title/tt1951266/,movie,6.6,137,2015,"Action, Adventure, Sci-Fi, Thriller",312187,2015-11-04,Francis Lawrence
tt0195685,7,2020-08-17,Erin Brockovich,https://www.imdb.com/title/tt0195685/,movie,7.4,131,2000,"Biography, Drama",190986,2000-03-14,Steven Soderbergh
tt1972591,4,2020-08-17,King Arthur: Legend of the Sword,https://www.imdb.com/title/tt1972591/,movie,6.7,126,2017,"Action, Adventure, Drama, Fantasy",209691,2017-04-27,Guy Ritchie
tt1979320,7,2021-11-04,Rush,https://www.imdb.com/title/tt1979320/,movie,8.1,123,2013,"Action, Biography, Drama, Sport",462848,2013-09-02,Ron Howard
tt1979376,8,2020-08-17,Toy Story 4,https://www.imdb.com/title/tt1979376/,movie,7.7,100,2019,"Animation, Adventure, Comedy, Family, Fantasy",232810,2019-06-11,Josh Cooley
tt1979388,7,2020-08-17,The Good Dinosaur,https://www.imdb.com/title/tt1979388/,movie,6.7,93,2015,"Animation, Adventure, Comedy, Drama, Family",110949,2015-11-10,Peter Sohn
tt1981115,4,2020-08-17,Thor: The Dark World,https://www.imdb.com/title/tt1981115/,movie,6.8,112,2013,"Action, Adventure, Fantasy",648150,2013-10-22,Alan Taylor
tt0198781,7,2020-08-17,"Monsters, Inc.",https://www.imdb.com/title/tt0198781/,movie,8.1,92,2001,"Animation, Adventure, Comedy, Family, Fantasy",871262,2001-10-28,"Pete Docter, David Silverman, Lee Unkrich"
tt2005151,6,2020-08-17,War Dogs,https://www.imdb.com/title/tt2005151/,movie,7.1,114,2016,"Biography, Comedy, Crime, Drama, War",203056,2016-08-03,Todd Phillips
tt2013293,7,2020-08-17,Kaze tachinu,https://www.imdb.com/title/tt2013293/,movie,7.8,126,2013,"Animation, Biography, Drama, Romance, War",81596,2013-07-20,Hayao Miyazaki
tt2015381,7,2020-08-17,Guardians of the Galaxy,https://www.imdb.com/title/tt2015381/,movie,8.0,121,2014,"Action, Adventure, Comedy, Sci-Fi",1123917,2014-07-21,James Gunn
tt2024544,9,2021-01-21,12 Years a Slave,https://www.imdb.com/title/tt2024544/,movie,8.1,134,2013,"Biography, Drama, History",678053,2013-08-30,Steve McQueen
tt0206634,7,2020-08-17,Children of Men,https://www.imdb.com/title/tt0206634/,movie,7.9,109,2006,"Action, Drama, Sci-Fi, Thriller",487910,2006-09-03,Alfonso Cuarón
tt2080374,8,2020-08-17,Steve Jobs,https://www.imdb.com/title/tt2080374/,movie,7.2,122,2015,"Biography, Drama",165529,2015-09-05,Danny Boyle
tt2084970,7,2020-08-17,The Imitation Game,https://www.imdb.com/title/tt2084970/,movie,8.0,114,2014,"Biography, Drama, Thriller, War",737353,2014-08-29,Morten Tyldum
tt0209144,9,2020-10-14,Memento,https://www.imdb.com/title/tt0209144/,movie,8.4,113,2000,"Mystery, Thriller",1193574,2000-09-05,Christopher Nolan
tt2096673,9,2020-08-17,Inside Out,https://www.imdb.com/title/tt2096673/,movie,8.1,95,2015,"Animation, Adventure, Comedy, Drama, Family, Fantasy",675263,2015-05-18,"Pete Docter, Ronnie Del Carmen"
tt2097298,7,2021-06-07,"McFarland, USA",https://www.imdb.com/title/tt2097298/,movie,7.4,129,2015,"Biography, Drama, Sport",37819,2015-02-09,Niki Caro
tt2119532,8,2020-08-17,Hacksaw Ridge,https://www.imdb.com/title/tt2119532/,movie,8.1,139,2016,"Biography, Drama, History, War",489573,2016-09-04,Mel Gibson
tt2140373,6,2020-08-17,Saving Mr. Banks,https://www.imdb.com/title/tt2140373/,movie,7.5,125,2013,"Biography, Comedy, Drama",159005,2013-10-20,John Lee Hancock
tt2250912,7,2020-08-17,Spider-Man: Homecoming,https://www.imdb.com/title/tt2250912/,movie,7.4,133,2017,"Action, Adventure, Sci-Fi",610638,2017-06-28,Jon Watts
tt2267998,8,2020-12-06,Gone Girl,https://www.imdb.com/title/tt2267998/,movie,8.1,149,2014,"Drama, Mystery, Thriller",936252,2014-09-26,David Fincher
tt2277860,7,2020-08-17,Finding Dory,https://www.imdb.com/title/tt2277860/,movie,7.3,97,2016,"Animation, Adventure, Comedy, Family",262849,2016-06-08,"Andrew Stanton, Angus MacLane"
tt2278388,8,2020-08-17,The Grand Budapest Hotel,https://www.imdb.com/title/tt2278388/,movie,8.1,99,2014,"Adventure, Comedy, Crime",769133,2014-02-06,Wes Anderson
tt2294629,6,2020-08-17,Frozen,https://www.imdb.com/title/tt2294629/,movie,7.4,102,2013,"Animation, Adventure, Comedy, Family, Fantasy, Musical",604661,2013-11-10,"Jennifer Lee, Chris Buck"
tt2310332,6,2021-02-02,The Hobbit: The Battle of the Five Armies,https://www.imdb.com/title/tt2310332/,movie,7.4,144,2014,"Adventure, Fantasy",507451,2014-12-01,Peter Jackson
tt2334649,7,2020-08-17,Fruitvale Station,https://www.imdb.com/title/tt2334649/,movie,7.5,85,2013,"Biography, Crime, Drama, Romance",79903,2013-01-19,Ryan Coogler
tt2379713,6,2021-10-27,Spectre,https://www.imdb.com/title/tt2379713/,movie,6.8,148,2015,"Action, Adventure, Thriller",426752,2015-10-26,Sam Mendes
tt2380307,9,2020-08-17,Coco,https://www.imdb.com/title/tt2380307/,movie,8.4,105,2017,"Animation, Adventure, Comedy, Family, Fantasy, Music, Mystery",461635,2017-10-20,"Adrian Molina, Lee Unkrich"
tt2381111,9,2020-08-17,Brooklyn,https://www.imdb.com/title/tt2381111/,movie,7.5,117,2015,"Drama, Romance",138803,2015-01-26,John Crowley
tt2382320,7,2021-10-28,No Time to Die,https://www.imdb.com/title/tt2382320/,movie,7.3,163,2021,"Action, Adventure, Thriller",310564,2021-09-28,Cary Joji Fukunaga
tt2395427,6,2020-08-17,Avengers: Age of Ultron,https://www.imdb.com/title/tt2395427/,movie,7.3,141,2015,"Action, Adventure, Sci-Fi",818362,2015-04-13,Joss Whedon
tt2396224,8,2020-08-17,It's Such a Beautiful Day,https://www.imdb.com/title/tt2396224/,movie,8.3,62,2012,"Animation, Comedy, Drama",13106,2012-08-24,Don Hertzfeldt
tt0240772,8,2020-08-17,Ocean's Eleven,https://www.imdb.com/title/tt0240772/,movie,7.7,116,2001,"Crime, Thriller",551241,2001-12-05,Steven Soderbergh
tt0241527,7,2020-12-24,Harry Potter and the Sorcerer's Stone,https://www.imdb.com/title/tt0241527/,movie,7.6,152,2001,"Adventure, Family, Fantasy",740738,2001-11-04,Chris Columbus
tt0245429,8,2020-08-17,Sen to Chihiro no kamikakushi,https://www.imdb.com/title/tt0245429/,movie,8.6,125,2001,"Animation, Adventure, Family, Fantasy, Mystery",718221,2001-07-20,Hayao Miyazaki
tt0246578,7,2020-08-17,Donnie Darko,https://www.imdb.com/title/tt0246578/,movie,8.0,113,2001,"Drama, Mystery, Sci-Fi, Thriller",775930,2001-01-19,Richard Kelly
tt2488496,8,2020-08-17,Star Wars: Episode VII - The Force Awakens,https://www.imdb.com/title/tt2488496/,movie,7.8,138,2015,"Action, Adventure, Sci-Fi",900273,2015-12-14,J.J. Abrams
tt2527336,9,2020-10-08,Star Wars: Episode VIII - The Last Jedi,https://www.imdb.com/title/tt2527336/,movie,6.9,152,2017,"Action, Adventure, Fantasy, Sci-Fi",603519,2017-12-09,Rian Johnson
tt2527338,5,2020-08-17,Star Wars: Episode IX - The Rise of Skywalker,https://www.imdb.com/title/tt2527338/,movie,6.5,141,2019,"Action, Adventure, Fantasy, Sci-Fi",420321,2019-12-16,J.J. Abrams
tt0253474,7,2020-08-17,The Pianist,https://www.imdb.com/title/tt0253474/,movie,8.5,150,2002,"Biography, Drama, Music, War",793191,2002-05-24,Roman Polanski
tt2543164,9,2020-08-17,Arrival,https://www.imdb.com/title/tt2543164/,movie,7.9,116,2016,"Drama, Sci-Fi",659729,2016-09-01,Denis Villeneuve
tt2562232,9,2020-08-17,Birdman or (The Unexpected Virtue of Ignorance),https://www.imdb.com/title/tt2562232/,movie,7.7,119,2014,"Comedy, Drama",611959,2014-08-27,Alejandro G. Iñárritu
tt2576852,7,2020-08-17,Kaguya-hime no monogatari,https://www.imdb.com/title/tt2576852/,movie,8.0,137,2013,"Animation, Drama, Family, Fantasy",44176,2013-11-23,Isao Takahata
tt2582496,7,2020-08-17,Me and Earl and the Dying Girl,https://www.imdb.com/title/tt2582496/,movie,7.7,105,2015,"Comedy, Drama",129065,2015-01-25,Alfonso Gomez-Rejon
tt2582782,7,2020-08-17,Hell or High Water,https://www.imdb.com/title/tt2582782/,movie,7.6,102,2016,"Action, Crime, Drama, Thriller, Western",221561,2016-05-16,David Mackenzie
tt2582802,10,2020-08-17,Whiplash,https://www.imdb.com/title/tt2582802/,movie,8.5,106,2014,"Drama, Music",791282,2014-01-16,Damien Chazelle
tt2584384,9,2020-08-17,Jojo Rabbit,https://www.imdb.com/title/tt2584384/,movie,7.9,108,2019,"Comedy, Drama, War",358153,2019-09-08,Taika Waititi
tt0264464,7,2020-11-22,Catch Me If You Can,https://www.imdb.com/title/tt0264464/,movie,8.1,141,2002,"Biography, Crime, Drama",920542,2002-12-16,Steven Spielberg
tt0265086,6,2020-08-17,Black Hawk Down,https://www.imdb.com/title/tt0265086/,movie,7.7,144,2001,"Action, Drama, History, War",384780,2001-12-18,Ridley Scott
tt0265666,7,2020-08-17,The Royal Tenenbaums,https://www.imdb.com/title/tt0265666/,movie,7.6,110,2001,"Comedy, Drama",284054,2001-10-05,Wes Anderson
tt0266543,9,2020-08-17,Finding Nemo,https://www.imdb.com/title/tt0266543/,movie,8.1,100,2003,"Animation, Adventure, Comedy, Family",1004895,2003-05-18,"Andrew Stanton, Lee Unkrich"
tt0266697,7,2021-03-28,Kill Bill: Vol. 1,https://www.imdb.com/title/tt0266697/,movie,8.1,111,2003,"Action, Crime, Drama, Thriller",1070483,2003-09-29,Quentin Tarantino
tt0275847,7,2020-08-17,Lilo & Stitch,https://www.imdb.com/title/tt0275847/,movie,7.3,85,2002,"Animation, Adventure, Comedy, Drama, Family, Fantasy, Sci-Fi",182124,2002-06-16,"Chris Sanders, Dean DeBlois"
tt0278504,7,2020-08-17,Insomnia,https://www.imdb.com/title/tt0278504/,movie,7.2,118,2002,"Drama, Mystery, Thriller",288502,2002-05-03,Christopher Nolan
tt2788432,8,2020-11-20,American Crime Story,https://www.imdb.com/title/tt2788432/,tvSeries,8.4,42,2016,"Biography, Crime, Drama",92635,2016-02-02,
tt2788710,3,2020-08-17,The Interview,https://www.imdb.com/title/tt2788710/,movie,6.5,112,2014,"Action, Adventure, Comedy",322446,2014-12-11,"Evan Goldberg, Seth Rogen"
tt2798920,8,2020-08-17,Annihilation,https://www.imdb.com/title/tt2798920/,movie,6.8,115,2018,"Adventure, Drama, Horror, Mystery, Sci-Fi, Thriller",307184,2018-02-13,Alex Garland
tt2872718,9,2020-08-17,Nightcrawler,https://www.imdb.com/title/tt2872718/,movie,7.8,117,2014,"Crime, Drama, Thriller",512753,2014-09-05,Dan Gilroy
tt2911666,6,2020-08-17,John Wick,https://www.imdb.com/title/tt2911666/,movie,7.4,101,2014,"Action, Crime, Thriller",596623,2014-09-19,"David Leitch, Chad Stahelski"
tt2932536,3,2020-08-17,47 Meters Down,https://www.imdb.com/title/tt2932536/,movie,5.7,89,2017,"Adventure, Drama, Horror, Thriller",53296,2017-05-25,Johannes Roberts
tt2935510,8,2020-08-17,Ad Astra,https://www.imdb.com/title/tt2935510/,movie,6.5,123,2019,"Adventure, Drama, Mystery, Sci-Fi, Thriller",223222,2019-08-29,James Gray
tt2948356,8,2020-08-17,Zootopia,https://www.imdb.com/title/tt2948356/,movie,8.0,108,2016,"Animation, Adventure, Comedy, Crime, Family, Mystery",473159,2016-02-11,"Rich Moore, Jared Bush, Byron Howard"
tt2948372,8,2021-01-15,Soul,https://www.imdb.com/title/tt2948372/,movie,8.1,100,2020,"Animation, Adventure, Comedy, Drama, Family, Fantasy, Music",298916,2020-10-11,"Pete Docter, Kemp Powers"
tt0295297,6,2020-08-17,Harry Potter and the Chamber of Secrets,https://www.imdb.com/title/tt0295297/,movie,7.5,161,2002,"Adventure, Family, Fantasy, Mystery",605866,2002-11-03,Chris Columbus
tt0029583,6,2020-08-17,Snow White and the Seven Dwarfs,https://www.imdb.com/title/tt0029583/,movie,7.6,83,1937,"Animation, Adventure, Family, Fantasy, Musical, Romance",193287,1937-12-21,"William Cottrell, Perce Pearce, Ben Sharpsteen, David Hand, Wilfred Jackson, Larry Morey"
tt2975590,6,2020-08-17,Batman v Superman: Dawn of Justice,https://www.imdb.com/title/tt2975590/,movie,6.4,152,2016,"Action, Adventure, Sci-Fi",676699,2016-03-12,Zack Snyder
tt2980516,8,2020-08-17,The Theory of Everything,https://www.imdb.com/title/tt2980516/,movie,7.7,123,2014,"Biography, Drama, Romance",434802,2014-09-07,James Marsh
tt0298203,7,2020-08-17,8 Mile,https://www.imdb.com/title/tt0298203/,movie,7.1,110,2002,"Drama, Music",274372,2002-09-08,Curtis Hanson
tt0304141,8,2020-08-17,Harry Potter and the Prisoner of Azkaban,https://www.imdb.com/title/tt0304141/,movie,7.9,142,2004,"Adventure, Family, Fantasy, Mystery",604874,2004-05-23,Alfonso Cuarón
tt3076658,8,2020-08-17,Creed,https://www.imdb.com/title/tt3076658/,movie,7.6,133,2015,"Action, Drama, Sport",264107,2015-11-19,Ryan Coogler
tt0031381,8,2020-08-17,Gone with the Wind,https://www.imdb.com/title/tt0031381/,movie,8.1,238,1939,"Drama, History, Romance, War",306956,1939-12-15,"Sam Wood, George Cukor, Victor Fleming"
tt0316654,9,2020-08-17,Spider-Man 2,https://www.imdb.com/title/tt0316654/,movie,7.4,127,2004,"Action, Adventure, Sci-Fi",620498,2004-06-25,Sam Raimi
tt0317219,7,2020-08-17,Cars,https://www.imdb.com/title/tt0317219/,movie,7.1,117,2006,"Animation, Adventure, Comedy, Family, Sport",398837,2006-03-14,"John Lasseter, Joe Ranft"
tt0317705,8,2020-08-18,The Incredibles,https://www.imdb.com/title/tt0317705/,movie,8.0,115,2004,"Animation, Action, Adventure, Family",695547,2004-10-27,Brad Bird
tt3183660,6,2020-08-17,Fantastic Beasts and Where to Find Them,https://www.imdb.com/title/tt3183660/,movie,7.3,132,2016,"Adventure, Family, Fantasy",443224,2016-11-08,David Yates
tt0032138,6,2020-08-17,The Wizard of Oz,https://www.imdb.com/title/tt0032138/,movie,8.0,102,1939,"Adventure, Family, Fantasy, Musical",385173,1939-08-10,"Mervyn LeRoy, George Cukor, King Vidor, Norman Taurog, Victor Fleming, Richard Thorpe"
tt3228774,7,2021-07-14,Cruella,https://www.imdb.com/title/tt3228774/,movie,7.4,134,2021,"Adventure, Comedy, Crime, Drama",210243,2021-05-18,Craig Gillespie
tt0032455,6,2020-08-17,Fantasia,https://www.imdb.com/title/tt0032455/,movie,7.7,125,1940,"Animation, Family, Fantasy, Music, Musical",93674,1940-11-13,"Samuel Armstrong, Ben Sharpsteen, Paul Satterfield, Hamilton Luske, James Algar, Jim Handley, David Hand, Ford Beebe Jr., Wilfred Jackson, T. Hee, Norman Ferguson, Bill Roberts"
tt3281548,9,2020-08-17,Little Women,https://www.imdb.com/title/tt3281548/,movie,7.8,135,2019,"Drama, Romance",183967,2019-12-07,Greta Gerwig
tt0032910,6,2020-08-17,Pinocchio,https://www.imdb.com/title/tt0032910/,movie,7.4,88,1940,"Animation, Adventure, Comedy, Family, Fantasy, Musical",140223,1940-02-07,"Ben Sharpsteen, Jack Kinney, Hamilton Luske, Wilfred Jackson, T. Hee, Norman Ferguson, Bill Roberts"
tt0330373,8,2020-08-17,Harry Potter and the Goblet of Fire,https://www.imdb.com/title/tt0330373/,movie,7.7,157,2005,"Adventure, Family, Fantasy, Mystery",598397,2005-11-06,Mike Newell
tt0332379,7,2021-06-06,School of Rock,https://www.imdb.com/title/tt0332379/,movie,7.1,109,2003,"Comedy, Music",296909,2003-09-09,Richard Linklater
tt0033467,8,2020-12-06,Citizen Kane,https://www.imdb.com/title/tt0033467/,movie,8.3,119,1941,"Drama, Mystery",430198,1941-05-01,Orson Welles
tt0033563,7,2020-08-17,Dumbo,https://www.imdb.com/title/tt0033563/,movie,7.2,64,1941,"Animation, Adventure, Drama, Family, Fantasy, Musical",128165,1941-10-23,"Samuel Armstrong, Ben Sharpsteen, Jack Kinney, Wilfred Jackson, John Elliotte, Norman Ferguson, Bill Roberts"
tt3361792,5,2020-08-17,Tolkien,https://www.imdb.com/title/tt3361792/,movie,6.8,112,2019,"Biography, Drama, Romance, War",38460,2019-04-29,Dome Karukoski
tt0033870,7,2021-05-21,The Maltese Falcon,https://www.imdb.com/title/tt0033870/,movie,8.0,100,1941,"Crime, Film-Noir, Mystery, Romance",155569,1941-10-03,John Huston
tt0338751,8,2021-01-26,The Aviator,https://www.imdb.com/title/tt0338751/,movie,7.5,170,2004,"Biography, Drama",352274,2004-12-14,Martin Scorsese
tt3397884,8,2020-08-17,Sicario,https://www.imdb.com/title/tt3397884/,movie,7.6,121,2015,"Action, Crime, Drama, Mystery, Thriller",409372,2015-05-19,Denis Villeneuve
tt3416742,8,2020-08-17,What We Do in the Shadows,https://www.imdb.com/title/tt3416742/,movie,7.7,86,2014,"Comedy, Horror",174743,2014-01-19,"Taika Waititi, Jemaine Clement"
tt0034492,8,2020-08-17,Bambi,https://www.imdb.com/title/tt0034492/,movie,7.3,70,1942,"Animation, Adventure, Drama, Family",138942,1942-08-08,"Samuel Armstrong, Paul Satterfield, James Algar, Graham Heid, Clyde Geronimi, David Hand, Arthur Davis, Norman Wright, Bill Roberts"
tt0034583,8,2021-03-13,Casablanca,https://www.imdb.com/title/tt0034583/,movie,8.5,102,1942,"Drama, Romance, War",553670,1942-11-26,Michael Curtiz
tt0347149,7,2020-08-17,Hauru no ugoku shiro,https://www.imdb.com/title/tt0347149/,movie,8.2,119,2004,"Animation, Adventure, Family, Fantasy",371321,2004-09-05,Hayao Miyazaki
tt3480822,6,2021-08-05,Black Widow,https://www.imdb.com/title/tt3480822/,movie,6.7,134,2021,"Action, Adventure, Sci-Fi",333947,2021-06-30,Cate Shortland
tt3498820,8,2020-08-17,Captain America: Civil War,https://www.imdb.com/title/tt3498820/,movie,7.8,147,2016,"Action, Adventure, Sci-Fi",738613,2016-04-12,"Anthony Russo, Joe Russo"
tt0349903,6,2020-08-17,Ocean's Twelve,https://www.imdb.com/title/tt0349903/,movie,6.5,125,2004,"Crime, Thriller",379273,2004-12-08,Steven Soderbergh
tt3501632,7,2020-08-17,Thor: Ragnarok,https://www.imdb.com/title/tt3501632/,movie,7.9,130,2017,"Action, Adventure, Comedy, Fantasy, Sci-Fi",679859,2017-10-10,Taika Waititi
tt3521126,7,2020-08-17,The Disaster Artist,https://www.imdb.com/title/tt3521126/,movie,7.3,104,2017,"Biography, Comedy, Drama",148797,2017-09-11,James Franco
tt3521164,7,2020-08-17,Moana,https://www.imdb.com/title/tt3521164/,movie,7.6,107,2016,"Animation, Adventure, Comedy, Family, Fantasy, Musical",312127,2016-11-14,"Don Hall, Ron Clements, John Musker, Chris Williams"
tt0353969,7,2020-08-17,Salinui chueok,https://www.imdb.com/title/tt0353969/,movie,8.1,131,2003,"Crime, Drama, Mystery, Thriller",167766,2003-05-02,Bong Joon Ho
tt3544112,8,2020-08-23,Sing Street,https://www.imdb.com/title/tt3544112/,movie,7.9,106,2016,"Comedy, Drama, Music, Romance",91148,2016-01-24,John Carney
tt3606756,8,2020-08-17,Incredibles 2,https://www.imdb.com/title/tt3606756/,movie,7.6,118,2018,"Animation, Action, Adventure, Comedy, Family, Sci-Fi",279108,2018-06-05,Brad Bird
tt0361748,8,2021-03-28,Inglourious Basterds,https://www.imdb.com/title/tt0361748/,movie,8.3,153,2009,"Adventure, Drama, War",1372075,2009-05-20,Quentin Tarantino
tt0363771,6,2020-08-17,"The Chronicles of Narnia: The Lion, the Witch and the Wardrobe",https://www.imdb.com/title/tt0363771/,movie,6.9,143,2005,"Adventure, Family, Fantasy",386599,2005-12-07,Andrew Adamson
tt0365748,8,2020-10-31,Shaun of the Dead,https://www.imdb.com/title/tt0365748/,movie,7.9,99,2004,"Comedy, Horror",540922,2004-03-29,Edgar Wright
tt3659388,6,2020-08-17,The Martian,https://www.imdb.com/title/tt3659388/,movie,8.0,144,2015,"Adventure, Drama, Sci-Fi",816895,2015-09-11,Ridley Scott
tt0371746,7,2020-08-17,Iron Man,https://www.imdb.com/title/tt0371746/,movie,7.9,126,2008,"Action, Adventure, Sci-Fi",1012650,2008-04-14,Jon Favreau
tt0372784,9,2020-08-17,Batman Begins,https://www.imdb.com/title/tt0372784/,movie,8.2,140,2005,"Action, Crime, Drama",1392571,2005-05-31,Christopher Nolan
tt0373889,7,2020-08-17,Harry Potter and the Order of the Phoenix,https://www.imdb.com/title/tt0373889/,movie,7.5,138,2007,"Action, Adventure, Family, Fantasy, Mystery",555357,2007-06-28,David Yates
tt3748528,7,2020-08-17,Rogue One,https://www.imdb.com/title/tt3748528/,movie,7.8,133,2016,"Action, Adventure, Sci-Fi",596230,2016-12-10,Gareth Edwards
tt0374900,6,2020-08-17,Napoleon Dynamite,https://www.imdb.com/title/tt0374900/,movie,6.9,96,2004,Comedy,211681,2004-01-17,Jared Hess
tt3749900,6,2020-06-13,Gotham,https://www.imdb.com/title/tt3749900/,tvSeries,7.8,42,2014,"Action, Crime, Drama, Mystery, Sci-Fi, Thriller",222664,2014-07-26,
tt0037558,10,2020-08-18,Brief Encounter,https://www.imdb.com/title/tt0037558/,movie,8.0,86,1945,"Drama, Romance",38963,1945-11-19,David Lean
tt3778644,6,2020-08-17,Solo: A Star Wars Story,https://www.imdb.com/title/tt3778644/,movie,6.9,135,2018,"Action, Adventure, Sci-Fi",324473,2018-05-10,Ron Howard
tt0378194,6,2021-03-28,Kill Bill: Vol. 2,https://www.imdb.com/title/tt0378194/,movie,8.0,137,2004,"Action, Crime, Thriller",728833,2004-04-08,Quentin Tarantino
tt3783958,10,2020-08-17,La La Land,https://www.imdb.com/title/tt3783958/,movie,8.0,128,2016,"Comedy, Drama, Music, Musical, Romance",555853,2016-08-31,Damien Chazelle
tt0379725,7,2020-08-17,Capote,https://www.imdb.com/title/tt0379725/,movie,7.3,114,2005,"Biography, Crime, Drama, History",130798,2005-09-02,Bennett Miller
tt3799694,8,2020-08-25,The Nice Guys,https://www.imdb.com/title/tt3799694/,movie,7.4,116,2016,"Action, Comedy, Crime, Thriller",308825,2016-05-10,Shane Black
tt0381061,7,2021-09-06,Casino Royale,https://www.imdb.com/title/tt0381061/,movie,8.0,144,2006,"Action, Adventure, Thriller",637916,2006-11-14,Martin Campbell
tt0382932,9,2020-08-17,Ratatouille,https://www.imdb.com/title/tt0382932/,movie,8.0,111,2007,"Animation, Adventure, Comedy, Family, Fantasy",686652,2007-06-22,"Brad Bird, Jan Pinkava"
tt0038650,8,2020-12-24,It's a Wonderful Life,https://www.imdb.com/title/tt0038650/,movie,8.6,130,1946,"Comedy, Drama, Family, Fantasy",439798,1946-12-20,Frank Capra
tt3890160,8,2020-08-17,Baby Driver,https://www.imdb.com/title/tt3890160/,movie,7.6,113,2017,"Action, Crime, Drama, Music, Thriller",499748,2017-03-11,Edgar Wright
tt3892172,7,2020-08-17,Leave No Trace,https://www.imdb.com/title/tt3892172/,movie,7.2,109,2018,"Adventure, Drama",57178,2018-01-20,Debra Granik
tt3896198,7,2020-08-17,Guardians of the Galaxy Vol. 2,https://www.imdb.com/title/tt3896198/,movie,7.6,136,2017,"Action, Adventure, Comedy, Sci-Fi",636427,2017-04-10,James Gunn
tt0393109,6,2020-08-17,Brick,https://www.imdb.com/title/tt0393109/,movie,7.2,110,2005,"Action, Crime, Drama, Mystery, Thriller",104796,2005-01-31,Rian Johnson
tt0398286,8,2020-08-17,Tangled,https://www.imdb.com/title/tt0398286/,movie,7.7,100,2010,"Animation, Adventure, Comedy, Family, Fantasy, Musical, Romance",433966,2010-11-24,"Byron Howard, Nathan Greno"
tt4034228,8,2020-08-17,Manchester by the Sea,https://www.imdb.com/title/tt4034228/,movie,7.8,137,2016,Drama,269296,2016-01-23,Kenneth Lonergan
tt0040416,9,2020-08-17,Hamlet,https://www.imdb.com/title/tt0040416/,movie,7.6,154,1948,Drama,16543,1948-05-06,Laurence Olivier
tt0407887,9,2021-01-28,The Departed,https://www.imdb.com/title/tt0407887/,movie,8.5,151,2006,"Crime, Drama, Thriller",1269641,2006-09-26,Martin Scorsese
tt4116284,6,2020-08-17,The Lego Batman Movie,https://www.imdb.com/title/tt4116284/,movie,7.3,104,2017,"Animation, Action, Adventure, Comedy, Family, Fantasy, Sci-Fi",141737,2017-02-01,Chris McKay
tt4123430,4,2020-08-17,Fantastic Beasts: The Crimes of Grindelwald,https://www.imdb.com/title/tt4123430/,movie,6.5,134,2018,"Adventure, Family, Fantasy",251305,2018-11-08,David Yates
tt0413300,6,2020-08-17,Spider-Man 3,https://www.imdb.com/title/tt0413300/,movie,6.2,139,2007,"Action, Adventure, Sci-Fi",562542,2007-04-03,Sam Raimi
tt4154664,5,2020-08-17,Captain Marvel,https://www.imdb.com/title/tt4154664/,movie,6.8,123,2019,"Action, Adventure, Sci-Fi",519786,2019-02-27,"Anna Boden, Ryan Fleck"
tt4154756,7,2020-08-17,Avengers: Infinity War,https://www.imdb.com/title/tt4154756/,movie,8.4,149,2018,"Action, Adventure, Sci-Fi",980670,2018-04-23,"Anthony Russo, Joe Russo"
tt4154796,8,2020-08-17,Avengers: Endgame,https://www.imdb.com/title/tt4154796/,movie,8.4,181,2019,"Action, Adventure, Drama, Sci-Fi",1012658,2019-04-22,"Anthony Russo, Joe Russo"
tt0417741,8,2021-01-02,Harry Potter and the Half-Blood Prince,https://www.imdb.com/title/tt0417741/,movie,7.6,153,2009,"Action, Adventure, Family, Fantasy, Mystery",519526,2009-07-06,David Yates
tt0417791,7,2020-08-17,Inside I'm Dancing,https://www.imdb.com/title/tt0417791/,movie,7.8,104,2004,"Comedy, Drama",14995,2004-10-10,Damien O'Donnell
tt0041959,6,2021-05-07,The Third Man,https://www.imdb.com/title/tt0041959/,movie,8.1,104,1949,"Film-Noir, Mystery, Thriller",168036,1949-09-01,Carol Reed
tt0042332,7,2020-08-17,Cinderella,https://www.imdb.com/title/tt0042332/,movie,7.3,74,1950,"Animation, Family, Fantasy, Musical, Romance",155182,1950-02-15,"Clyde Geronimi, Hamilton Luske, Wilfred Jackson"
tt0425112,8,2020-08-17,Hot Fuzz,https://www.imdb.com/title/tt0425112/,movie,7.8,121,2007,"Action, Comedy, Mystery, Thriller",490946,2007-02-13,Edgar Wright
tt4302938,5,2020-08-17,Kubo and the Two Strings,https://www.imdb.com/title/tt4302938/,movie,7.8,101,2016,"Animation, Action, Adventure, Family, Fantasy",125742,2016-08-13,Travis Knight
tt0432283,8,2020-08-17,Fantastic Mr. Fox,https://www.imdb.com/title/tt0432283/,movie,7.9,87,2009,"Animation, Adventure, Comedy, Crime, Drama, Family",220790,2009-10-14,Wes Anderson
tt0435761,8,2020-08-17,Toy Story 3,https://www.imdb.com/title/tt0435761/,movie,8.2,103,2010,"Animation, Adventure, Comedy, Family, Fantasy",803222,2010-06-12,Lee Unkrich
tt4364194,7,2020-09-13,The Peanut Butter Falcon,https://www.imdb.com/title/tt4364194/,movie,7.6,97,2019,"Adventure, Comedy, Drama",87124,2019-03-09,"Michael Schwartz, Tyler Nilson"
tt0443706,8,2020-08-17,Zodiac,https://www.imdb.com/title/tt0443706/,movie,7.7,157,2007,"Crime, Drama, Mystery, Thriller",513898,2007-02-28,David Fincher
tt0448157,5,2021-06-10,Hancock,https://www.imdb.com/title/tt0448157/,movie,6.4,92,2008,"Action, Drama, Fantasy",468035,2008-06-16,Peter Berg
tt0449010,3,2020-08-17,Eragon,https://www.imdb.com/title/tt0449010/,movie,5.1,104,2006,"Action, Adventure, Family, Fantasy",125298,2006-12-11,Stefen Fangmeier
tt0451279,7,2020-08-17,Wonder Woman,https://www.imdb.com/title/tt0451279/,movie,7.4,141,2017,"Action, Adventure, Fantasy, Sci-Fi, War",627124,2017-05-15,Patty Jenkins
tt0045152,6,2020-08-17,Singin' in the Rain,https://www.imdb.com/title/tt0045152/,movie,8.3,103,1952,"Comedy, Musical, Romance",234106,1952-03-27,"Gene Kelly, Stanley Donen"
tt4520988,5,2020-08-17,Frozen II,https://www.imdb.com/title/tt4520988/,movie,6.8,103,2019,"Animation, Adventure, Comedy, Family, Fantasy, Musical",160609,2019-11-07,"Jennifer Lee, Chris Buck"
tt0457430,8,2020-08-17,El laberinto del fauno,https://www.imdb.com/title/tt0457430/,movie,8.2,118,2006,"Drama, Fantasy, War",649815,2006-05-27,Guillermo del Toro
tt0458339,6,2020-08-17,Captain America: The First Avenger,https://www.imdb.com/title/tt0458339/,movie,6.9,124,2011,"Action, Adventure, Sci-Fi",807277,2011-07-19,Joe Johnston
tt0460989,7,2020-08-17,The Wind that Shakes the Barley,https://www.imdb.com/title/tt0460989/,movie,7.5,127,2006,"Drama, War",49511,2006-05-18,Ken Loach
tt4633694,9,2020-08-17,Spider-Man: Into the Spider-Verse,https://www.imdb.com/title/tt4633694/,movie,8.4,117,2018,"Animation, Action, Adventure, Comedy, Family, Fantasy, Sci-Fi",470077,2018-12-06,"Bob Persichetti, Peter Ramsey, Rodney Rothman"
tt0468569,10,2020-08-17,The Dark Knight,https://www.imdb.com/title/tt0468569/,movie,9.0,152,2008,"Action, Crime, Drama, Thriller",2494622,2008-07-14,Christopher Nolan
tt4686844,7,2020-08-17,The Death of Stalin,https://www.imdb.com/title/tt4686844/,movie,7.3,107,2017,"Comedy, Drama, History",98139,2017-09-08,Armando Iannucci
tt0469494,7,2020-08-17,There Will Be Blood,https://www.imdb.com/title/tt0469494/,movie,8.2,158,2007,Drama,560604,2007-09-27,Paul Thomas Anderson
tt4698684,7,2020-08-17,Hunt for the Wilderpeople,https://www.imdb.com/title/tt4698684/,movie,7.9,101,2016,"Adventure, Comedy, Drama",124795,2016-01-22,Taika Waititi
tt4701182,6,2020-08-17,Bumblebee,https://www.imdb.com/title/tt4701182/,movie,6.7,114,2018,"Action, Adventure, Sci-Fi",156341,2018-12-03,Travis Knight
tt0470752,7,2020-08-17,Ex Machina,https://www.imdb.com/title/tt0470752/,movie,7.7,108,2014,"Drama, Sci-Fi, Thriller",517405,2014-12-16,Alex Garland
tt4729430,8,2021-11-26,Klaus,https://www.imdb.com/title/tt4729430/,movie,8.2,96,2019,"Animation, Adventure, Comedy, Family",138167,2019-11-08,"Carlos Martínez López, Sergio Pablos"
tt0047478,8,2020-08-17,Shichinin no samurai,https://www.imdb.com/title/tt0047478/,movie,8.6,207,1954,"Action, Drama",335537,1954-04-26,Akira Kurosawa
tt0477348,8,2020-08-17,No Country for Old Men,https://www.imdb.com/title/tt0477348/,movie,8.1,122,2007,"Crime, Drama, Thriller",927170,2007-05-19,"Ethan Coen, Joel Coen"
tt0478304,9,2020-08-17,The Tree of Life,https://www.imdb.com/title/tt0478304/,movie,6.8,139,2011,"Drama, Fantasy",174261,2011-05-16,Terrence Malick
tt0478970,6,2020-08-17,Ant-Man,https://www.imdb.com/title/tt0478970/,movie,7.3,117,2015,"Action, Adventure, Comedy, Sci-Fi",630237,2015-06-29,Peyton Reed
tt0482571,7,2020-09-17,The Prestige,https://www.imdb.com/title/tt0482571/,movie,8.5,130,2006,"Drama, Mystery, Thriller",1276608,2006-10-17,Christopher Nolan
tt0048280,7,2020-08-17,Lady and the Tramp,https://www.imdb.com/title/tt0048280/,movie,7.3,76,1955,"Animation, Adventure, Comedy, Family, Musical, Romance",131342,1955-06-16,"Clyde Geronimi, Wilfred Jackson, Hamilton Luske, Jack Cutting"
tt4846232,7,2020-08-17,Good Time,https://www.imdb.com/title/tt4846232/,movie,7.4,102,2017,"Crime, Drama, Thriller",111017,2017-05-25,"Josh Safdie, Benny Safdie"
tt0048545,5,2021-04-01,Rebel Without a Cause,https://www.imdb.com/title/tt0048545/,movie,7.7,111,1955,Drama,88487,1955-10-26,Nicholas Ray
tt0490215,7,2021-03-07,Silence,https://www.imdb.com/title/tt0490215/,movie,7.2,161,2016,"Drama, History",109087,2016-11-29,Martin Scorsese
tt4912910,8,2020-08-17,Mission: Impossible - Fallout,https://www.imdb.com/title/tt4912910/,movie,7.7,147,2018,"Action, Adventure, Thriller",316576,2018-07-12,Christopher McQuarrie
tt4925292,8,2020-10-08,Lady Bird,https://www.imdb.com/title/tt4925292/,movie,7.4,94,2017,"Comedy, Drama",272822,2017-09-01,Greta Gerwig
tt0496806,6,2020-08-17,Ocean's Thirteen,https://www.imdb.com/title/tt0496806/,movie,6.9,122,2007,"Crime, Thriller",337694,2007-05-24,Steven Soderbergh
tt4975722,8,2020-08-17,Moonlight,https://www.imdb.com/title/tt4975722/,movie,7.4,111,2016,Drama,295934,2016-09-02,Barry Jenkins
tt0499448,6,2020-08-17,The Chronicles of Narnia: Prince Caspian,https://www.imdb.com/title/tt0499448/,movie,6.5,150,2008,"Action, Adventure, Family, Fantasy",205417,2008-05-09,Andrew Adamson
tt0499549,8,2020-08-17,Avatar,https://www.imdb.com/title/tt0499549/,movie,7.8,162,2009,"Action, Adventure, Fantasy, Sci-Fi",1179303,2009-12-10,James Cameron
tt0050083,9,2020-08-17,12 Angry Men,https://www.imdb.com/title/tt0050083/,movie,9.0,96,1957,"Crime, Drama",751801,1957-04-10,Sidney Lumet
tt5013056,8,2020-08-17,Dunkirk,https://www.imdb.com/title/tt5013056/,movie,7.8,106,2017,"Action, Drama, History, Thriller, War",618450,2017-07-13,Christopher Nolan
tt0050212,8,2020-08-17,The Bridge on the River Kwai,https://www.imdb.com/title/tt0050212/,movie,8.1,161,1957,"Adventure, Drama, War",215002,1957-10-02,David Lean
tt5027774,9,2020-08-17,"Three Billboards Outside Ebbing, Missouri",https://www.imdb.com/title/tt5027774/,movie,8.1,115,2017,"Comedy, Crime, Drama",481839,2017-09-04,Martin McDonagh
tt5028340,6,2020-08-17,Mary Poppins Returns,https://www.imdb.com/title/tt5028340/,movie,6.7,130,2018,"Adventure, Comedy, Family, Fantasy, Musical",85454,2018-11-29,Rob Marshall
tt5052448,8,2020-08-17,Get Out,https://www.imdb.com/title/tt5052448/,movie,7.7,104,2017,"Horror, Mystery, Thriller",549513,2017-01-23,Jordan Peele
tt5083738,8,2020-08-17,The Favourite,https://www.imdb.com/title/tt5083738/,movie,7.5,119,2018,"Biography, Comedy, Drama, History",191443,2018-08-30,Yorgos Lanthimos
tt5095030,6,2020-08-17,Ant-Man and the Wasp,https://www.imdb.com/title/tt5095030/,movie,7.0,118,2018,"Action, Adventure, Comedy, Sci-Fi",367915,2018-06-25,Peyton Reed
tt5104604,7,2020-08-17,Isle of Dogs,https://www.imdb.com/title/tt5104604/,movie,7.8,101,2018,"Animation, Adventure, Comedy, Drama, Sci-Fi",159815,2018-02-15,Wes Anderson
tt5168192,8,2020-08-17,"I, Daniel Blake",https://www.imdb.com/title/tt5168192/,movie,7.9,100,2016,Drama,58394,2016-05-13,Ken Loach
tt0519590,8,2020-03-09,Batman: The Animated Series: Heart of Ice,https://www.imdb.com/title/tt0519590/,tvEpisode,9.1,22,1992,"Animation, Action, Adventure, Crime, Family, Mystery, Sci-Fi",2787,1992-09-07,Bruce Timm
tt0052357,7,2020-08-17,Vertigo,https://www.imdb.com/title/tt0052357/,movie,8.3,128,1958,"Mystery, Romance, Thriller",390362,1958-05-22,Alfred Hitchcock
tt0052618,7,2020-08-17,Ben-Hur,https://www.imdb.com/title/tt0052618/,movie,8.1,212,1959,"Adventure, Drama, History",232675,1959-11-18,William Wyler
tt5311514,7,2020-08-17,Kimi no na wa.,https://www.imdb.com/title/tt5311514/,movie,8.4,106,2016,"Animation, Drama, Fantasy, Romance",241011,2016-07-03,Makoto Shinkai
tt0053285,7,2021-02-02,Sleeping Beauty,https://www.imdb.com/title/tt0053285/,movie,7.2,75,1959,"Animation, Adventure, Family, Fantasy, Musical, Romance",144579,1959-01-29,"Clyde Geronimi, Les Clark, Wolfgang Reitherman, Eric Larson, Hamilton Luske"
tt5362988,8,2020-08-17,Wind River,https://www.imdb.com/title/tt5362988/,movie,7.7,107,2017,"Crime, Drama, Mystery, Thriller, Western",237503,2017-01-21,Taylor Sheridan
tt5439796,7,2020-08-17,Logan Lucky,https://www.imdb.com/title/tt5439796/,movie,7.0,118,2017,"Action, Comedy, Crime, Drama",144761,2017-08-07,Steven Soderbergh
tt0055254,6,2020-08-17,One Hundred and One Dalmatians,https://www.imdb.com/title/tt0055254/,movie,7.3,79,1961,"Animation, Adventure, Comedy, Family",163079,1961-01-25,"Clyde Geronimi, Wolfgang Reitherman, Hamilton Luske"
tt0055614,6,2020-08-17,West Side Story,https://www.imdb.com/title/tt0055614/,movie,7.5,153,1961,"Crime, Drama, Musical, Romance",108584,1961-10-18,"Jerome Robbins, Robert Wise"
tt5580036,9,2021-03-09,"I, Tonya",https://www.imdb.com/title/tt5580036/,movie,7.5,119,2017,"Biography, Comedy, Drama, Sport",205053,2017-09-08,Craig Gillespie
tt5580390,8,2020-08-17,The Shape of Water,https://www.imdb.com/title/tt5580390/,movie,7.3,123,2017,"Drama, Fantasy, Romance",403556,2017-08-31,Guillermo del Toro
tt0055928,6,2021-08-08,Dr. No,https://www.imdb.com/title/tt0055928/,movie,7.2,110,1962,"Action, Adventure, Thriller",161543,1962-10-05,Terence Young
tt0056172,10,2020-08-17,Lawrence of Arabia,https://www.imdb.com/title/tt0056172/,movie,8.3,228,1962,"Adventure, Biography, Drama, War",284986,1962-12-10,David Lean
tt5649144,7,2020-08-17,The Florida Project,https://www.imdb.com/title/tt5649144/,movie,7.6,111,2017,Drama,108232,2017-05-22,Sean Baker
tt5687612,8,2020-08-17,Fleabag,https://www.imdb.com/title/tt5687612/,tvSeries,8.7,27,2016,"Comedy, Drama",133488,2016-07-21,
tt0057012,7,2020-08-17,Dr. Strangelove or: How I Learned to Stop Worrying and Love the Bomb,https://www.imdb.com/title/tt0057012/,movie,8.4,95,1964,"Comedy, War",475360,1964-01-29,Stanley Kubrick
tt5726616,7,2021-12-15,Call Me by Your Name,https://www.imdb.com/title/tt5726616/,movie,7.9,132,2017,"Drama, Romance",250627,2017-01-22,Luca Guadagnino
tt5727208,7,2020-08-17,Uncut Gems,https://www.imdb.com/title/tt5727208/,movie,7.4,135,2019,"Crime, Drama, Thriller",258317,2019-08-30,"Josh Safdie, Benny Safdie"
tt5742374,8,2020-08-17,You Were Never Really Here,https://www.imdb.com/title/tt5742374/,movie,6.8,89,2017,"Crime, Drama",115115,2017-05-27,Lynne Ramsay
tt5776858,9,2020-08-17,Phantom Thread,https://www.imdb.com/title/tt5776858/,movie,7.5,130,2017,"Drama, Romance",125853,2017-12-11,Paul Thomas Anderson
tt0058150,6,2021-09-06,Goldfinger,https://www.imdb.com/title/tt0058150/,movie,7.7,110,1964,"Action, Adventure, Thriller",185224,1964-09-17,Guy Hamilton
tt5827916,8,2020-08-17,A Hidden Life,https://www.imdb.com/title/tt5827916/,movie,7.4,174,2019,"Biography, Drama, Romance, War",22792,2019-05-19,Terrence Malick
tt0058331,8,2020-08-17,Mary Poppins,https://www.imdb.com/title/tt0058331/,movie,7.8,139,1964,"Comedy, Family, Fantasy, Musical",167490,1964-08-27,Robert Stevenson
tt5834760,3,2020-08-26,Look Away,https://www.imdb.com/title/tt5834760/,movie,5.8,103,2018,"Drama, Fantasy, Horror, Thriller",20948,2018-10-08,Assaf Bernstein
tt0059113,7,2020-08-17,Doctor Zhivago,https://www.imdb.com/title/tt0059113/,movie,8.0,197,1965,"Drama, Romance, War",74773,1965-12-22,David Lean
tt0059742,8,2021-11-11,The Sound of Music,https://www.imdb.com/title/tt0059742/,movie,8.0,172,1965,"Biography, Drama, Family, Musical, Romance",221962,1965-03-02,Robert Wise
tt0060196,8,2020-08-17,"Il buono, il brutto, il cattivo",https://www.imdb.com/title/tt0060196/,movie,8.8,161,1966,"Adventure, Western",734123,1966-12-23,Sergio Leone
tt6053438,8,2020-08-17,First Reformed,https://www.imdb.com/title/tt6053438/,movie,7.1,113,2017,"Drama, Mystery, Thriller",54178,2017-08-31,Paul Schrader
tt6155172,9,2020-08-17,Roma,https://www.imdb.com/title/tt6155172/,movie,7.7,135,2018,Drama,152544,2018-08-30,Alfonso Cuarón
tt0061852,6,2020-08-17,The Jungle Book,https://www.imdb.com/title/tt0061852/,movie,7.6,78,1967,"Animation, Adventure, Comedy, Family, Fantasy, Musical",176517,1967-10-18,Wolfgang Reitherman
tt0062622,7,2020-08-17,2001: A Space Odyssey,https://www.imdb.com/title/tt0062622/,movie,8.3,149,1968,"Adventure, Sci-Fi",643910,1968-04-02,Stanley Kubrick
tt6266538,7,2020-08-17,Vice,https://www.imdb.com/title/tt6266538/,movie,7.2,132,2018,"Biography, Comedy, Drama",139086,2018-12-12,Adam McKay
tt6320628,6,2020-08-17,Spider-Man: Far from Home,https://www.imdb.com/title/tt6320628/,movie,7.4,129,2019,"Action, Adventure, Sci-Fi",442998,2019-06-26,Jon Watts
tt6334354,8,2021-08-12,The Suicide Squad,https://www.imdb.com/title/tt6334354/,movie,7.2,132,2021,"Action, Adventure, Comedy, Sci-Fi",301380,2021-07-28,James Gunn
tt6343314,7,2020-08-17,Creed II,https://www.imdb.com/title/tt6343314/,movie,7.1,130,2018,"Drama, Sport",118642,2018-11-14,Steven Caple Jr.
tt0064115,6,2020-12-26,Butch Cassidy and the Sundance Kid,https://www.imdb.com/title/tt0064115/,movie,8.0,110,1969,"Biography, Crime, Drama, Western",211712,1969-09-23,George Roy Hill
tt0064116,8,2020-08-17,C'era una volta il West,https://www.imdb.com/title/tt0064116/,movie,8.5,165,1968,Western,320227,1968-12-20,Sergio Leone
tt6412452,6,2020-08-17,The Ballad of Buster Scruggs,https://www.imdb.com/title/tt6412452/,movie,7.3,133,2018,"Comedy, Drama, Musical, Mystery, Romance, Western",139028,2018-08-31,"Ethan Coen, Joel Coen"
tt0064541,7,2020-08-17,Kes,https://www.imdb.com/title/tt0064541/,movie,7.9,111,1969,"Drama, Family",20361,1969-11-19,Ken Loach
tt0066319,7,2020-08-17,Ryan's Daughter,https://www.imdb.com/title/tt0066319/,movie,7.4,200,1970,"Drama, Romance",9625,1970-11-09,David Lean
tt6723592,8,2020-09-06,Tenet,https://www.imdb.com/title/tt6723592/,movie,7.4,150,2020,"Action, Sci-Fi, Thriller",452397,2020-08-22,Christopher Nolan
tt6751668,9,2020-08-17,Gisaengchung,https://www.imdb.com/title/tt6751668/,movie,8.6,132,2019,"Comedy, Drama, Thriller",717082,2019-05-21,Bong Joon Ho
tt6806448,5,2020-08-17,Fast & Furious Presents: Hobbs & Shaw,https://www.imdb.com/title/tt6806448/,movie,6.5,137,2019,"Action, Adventure, Thriller",202057,2019-07-13,David Leitch
tt6820256,7,2020-08-17,Arctic,https://www.imdb.com/title/tt6820256/,movie,6.8,98,2018,"Adventure, Drama",49932,2018-05-10,Joe Penna
tt6857112,7,2020-08-17,Us,https://www.imdb.com/title/tt6857112/,movie,6.8,116,2019,"Horror, Mystery, Thriller",268518,2019-03-08,Jordan Peele
tt0068646,10,2020-12-31,The Godfather,https://www.imdb.com/title/tt0068646/,movie,9.2,175,1972,"Crime, Drama",1750346,1972-03-14,Francis Ford Coppola
tt6920356,6,2020-08-17,The Souvenir,https://www.imdb.com/title/tt6920356/,movie,6.4,120,2019,"Drama, Mystery, Romance",11337,2019-01-27,Joanna Hogg
tt6938828,7,2020-08-17,At Eternity's Gate,https://www.imdb.com/title/tt6938828/,movie,7.0,111,2018,"Biography, Drama, History",33431,2018-09-03,Julian Schnabel
tt6966692,8,2021-11-07,Green Book,https://www.imdb.com/title/tt6966692/,movie,8.2,130,2018,"Biography, Comedy, Drama, Music",450311,2018-09-11,Peter Farrelly
tt0069704,8,2020-12-06,American Graffiti,https://www.imdb.com/title/tt0069704/,movie,7.4,110,1973,"Comedy, Drama",87403,1973-08-01,George Lucas
tt0069762,7,2020-08-17,Badlands,https://www.imdb.com/title/tt0069762/,movie,7.8,94,1973,"Action, Crime, Drama",71202,1973-10-13,Terrence Malick
tt7014006,7,2020-08-17,Eighth Grade,https://www.imdb.com/title/tt7014006/,movie,7.4,93,2018,"Comedy, Drama",72662,2018-01-19,Bo Burnham
tt0070735,7,2021-01-22,The Sting,https://www.imdb.com/title/tt0070735/,movie,8.3,129,1973,"Comedy, Crime, Drama",254864,1973-12-25,George Roy Hill
tt7125860,7,2020-08-17,If Beale Street Could Talk,https://www.imdb.com/title/tt7125860/,movie,7.1,119,2018,"Drama, Romance",47292,2018-09-09,Barry Jenkins
tt7131622,8,2021-04-05,Once Upon a Time in... Hollywood,https://www.imdb.com/title/tt7131622/,movie,7.6,161,2019,"Comedy, Drama",669976,2019-05-21,Quentin Tarantino
tt0071360,7,2021-01-16,The Conversation,https://www.imdb.com/title/tt0071360/,movie,7.8,113,1974,"Drama, Mystery, Thriller",108282,1974-04-07,Francis Ford Coppola
tt7146812,7,2020-08-17,Onward,https://www.imdb.com/title/tt7146812/,movie,7.4,102,2020,"Animation, Adventure, Comedy, Drama, Family, Fantasy",135739,2020-02-21,Dan Scanlon
tt0071562,7,2020-12-31,The Godfather: Part II,https://www.imdb.com/title/tt0071562/,movie,9.0,202,1974,"Crime, Drama",1213929,1974-12-12,Francis Ford Coppola
tt7286456,8,2021-05-05,Joker,https://www.imdb.com/title/tt7286456/,movie,8.4,122,2019,"Crime, Drama, Thriller",1143433,2019-08-31,Todd Phillips
tt0073099,8,2021-10-22,Yozhik v tumane,https://www.imdb.com/title/tt0073099/,short,8.2,11,1975,"Animation, Short, Drama",7030,1975-10-23,Yuri Norstein
tt0073195,9,2020-09-24,Jaws,https://www.imdb.com/title/tt0073195/,movie,8.0,124,1975,"Adventure, Thriller",574024,1975-06-20,Steven Spielberg
tt7366338,9,2021-04-05,Chernobyl,https://www.imdb.com/title/tt7366338/,tvMiniSeries,9.4,330,2019,"Drama, History, Thriller",653891,2019-05-06,
tt0075148,6,2020-11-28,Rocky,https://www.imdb.com/title/tt0075148/,movie,8.1,120,1976,"Drama, Sport",552576,1976-11-20,John G. Avildsen
tt0075314,8,2021-01-25,Taxi Driver,https://www.imdb.com/title/tt0075314/,movie,8.2,114,1976,"Crime, Drama",783151,1976-02-08,Martin Scorsese
tt0075860,7,2020-10-15,Close Encounters of the Third Kind,https://www.imdb.com/title/tt0075860/,movie,7.6,138,1977,"Drama, Sci-Fi",196174,1977-11-15,Steven Spielberg
tt0758758,6,2021-09-08,Into the Wild,https://www.imdb.com/title/tt0758758/,movie,8.1,148,2007,"Adventure, Biography, Drama",606008,2007-09-01,Sean Penn
tt0076759,8,2020-09-06,Star Wars,https://www.imdb.com/title/tt0076759/,movie,8.6,121,1977,"Action, Adventure, Fantasy, Sci-Fi",1305111,1977-05-25,George Lucas
tt0770828,6,2020-08-17,Man of Steel,https://www.imdb.com/title/tt0770828/,movie,7.0,143,2013,"Action, Adventure, Sci-Fi",743457,2013-06-10,Zack Snyder
tt7713068,6,2020-09-09,Birds of Prey: And the Fantabulous Emancipation of One Harley Quinn,https://www.imdb.com/title/tt7713068/,movie,6.1,109,2020,"Action, Adventure, Comedy, Crime",222018,2020-01-25,Cathy Yan
tt7738450,7,2020-08-17,Thunder Road,https://www.imdb.com/title/tt7738450/,movie,7.1,92,2018,"Comedy, Drama",18004,2018-03-12,Jim Cummings
tt0077405,6,2020-08-17,Days of Heaven,https://www.imdb.com/title/tt0077405/,movie,7.8,94,1978,"Drama, Romance",56765,1978-09-13,Terrence Malick
tt7740510,5,2021-10-29,Antlers,https://www.imdb.com/title/tt7740510/,movie,5.9,99,2021,"Drama, Horror, Mystery",24094,2021-10-11,Scott Cooper
tt7775622,8,2020-07-06,Free Solo,https://www.imdb.com/title/tt7775622/,movie,8.2,100,2018,"Documentary, Adventure, Sport",63706,2018-08-31,"Jimmy Chin, Elizabeth Chai Vasarhelyi"
tt0780504,9,2020-08-17,Drive,https://www.imdb.com/title/tt0780504/,movie,7.8,100,2011,"Action, Drama",609372,2011-05-20,Nicolas Winding Refn
tt0780521,7,2020-08-17,The Princess and the Frog,https://www.imdb.com/title/tt0780521/,movie,7.1,97,2009,"Animation, Adventure, Comedy, Family, Fantasy, Musical, Romance",136919,2009-11-15,"Ron Clements, John Musker"
tt0780536,7,2020-08-17,In Bruges,https://www.imdb.com/title/tt0780536/,movie,7.9,107,2008,"Comedy, Crime, Drama, Thriller",410018,2008-01-17,Martin McDonagh
tt0078788,8,2021-01-18,Apocalypse Now,https://www.imdb.com/title/tt0078788/,movie,8.4,147,1979,"Drama, Mystery, War",643400,1979-05-19,Francis Ford Coppola
tt7905466,8,2021-07-22,They Shall Not Grow Old,https://www.imdb.com/title/tt7905466/,movie,8.3,99,2018,"Documentary, History, War",33460,2018-10-16,Peter Jackson
tt7984734,8,2020-08-17,The Lighthouse,https://www.imdb.com/title/tt7984734/,movie,7.5,109,2019,"Drama, Fantasy, Horror, Mystery",188379,2019-05-19,Robert Eggers
tt0800080,6,2020-08-17,The Incredible Hulk,https://www.imdb.com/title/tt0800080/,movie,6.6,112,2008,"Action, Adventure, Sci-Fi",469820,2008-06-06,Louis Leterrier
tt0800369,5,2020-08-17,Thor,https://www.imdb.com/title/tt0800369/,movie,7.0,115,2011,"Action, Adventure, Fantasy",806338,2011-04-17,Kenneth Branagh
tt0080339,8,2020-08-17,Airplane!,https://www.imdb.com/title/tt0080339/,movie,7.7,88,1980,Comedy,230283,1980-07-02,"Jim Abrahams, Jerry Zucker, David Zucker"
tt0080455,8,2021-01-25,The Blues Brothers,https://www.imdb.com/title/tt0080455/,movie,7.9,133,1980,"Action, Adventure, Comedy, Crime, Music, Musical",193893,1980-06-20,John Landis
tt0080684,9,2020-09-09,Star Wars: Episode V - The Empire Strikes Back,https://www.imdb.com/title/tt0080684/,movie,8.7,124,1980,"Action, Adventure, Fantasy, Sci-Fi",1233609,1980-05-17,Irvin Kershner
tt8075192,8,2020-08-17,Manbiki kazoku,https://www.imdb.com/title/tt8075192/,movie,7.9,121,2018,"Crime, Drama",72321,2018-05-13,Hirokazu Koreeda
tt8079248,7,2021-11-16,Yesterday,https://www.imdb.com/title/tt8079248/,movie,6.8,116,2019,"Comedy, Fantasy, Music, Romance",145615,2019-05-04,Danny Boyle
tt8111088,8,2020-12-23,The Mandalorian,https://www.imdb.com/title/tt8111088/,tvSeries,8.8,40,2019,"Action, Adventure, Fantasy, Sci-Fi",403914,2019-11-12,
tt0081398,6,2021-01-23,Raging Bull,https://www.imdb.com/title/tt0081398/,movie,8.2,129,1980,"Biography, Drama, Sport",342175,1980-11-13,Martin Scorsese
tt0816692,7,2020-09-27,Interstellar,https://www.imdb.com/title/tt0816692/,movie,8.6,169,2014,"Adventure, Drama, Sci-Fi",1689314,2014-10-26,Christopher Nolan
tt8291806,9,2020-08-17,Dolor y gloria,https://www.imdb.com/title/tt8291806/,movie,7.5,113,2019,Drama,55615,2019-03-13,Pedro Almodóvar
tt0829482,6,2020-08-17,Superbad,https://www.imdb.com/title/tt0829482/,movie,7.6,113,2007,Comedy,555594,2007-08-17,Greg Mottola
tt0082971,9,2021-05-01,Raiders of the Lost Ark,https://www.imdb.com/title/tt0082971/,movie,8.4,115,1981,"Action, Adventure",934095,1981-06-12,Steven Spielberg
tt8359816,8,2020-08-17,Sorry We Missed You,https://www.imdb.com/title/tt8359816/,movie,7.6,101,2019,Drama,20956,2019-05-16,Ken Loach
tt0083658,8,2022-01-27,Blade Runner,https://www.imdb.com/title/tt0083658/,movie,8.1,117,1982,"Action, Drama, Sci-Fi, Thriller",739882,1982-06-25,Ridley Scott
tt8404614,8,2020-08-17,The Two Popes,https://www.imdb.com/title/tt8404614/,movie,7.6,125,2019,"Biography, Comedy, Drama",119314,2019-08-31,Fernando Meirelles
tt0848228,7,2020-08-17,The Avengers,https://www.imdb.com/title/tt0848228/,movie,8.0,143,2012,"Action, Adventure, Sci-Fi",1338402,2012-04-11,Joss Whedon
tt8579674,9,2020-08-17,1917,https://www.imdb.com/title/tt8579674/,movie,8.3,119,2019,"Action, Drama, War",531345,2019-12-04,Sam Mendes
tt8613070,7,2020-08-17,Portrait de la jeune fille en feu,https://www.imdb.com/title/tt8613070/,movie,8.1,122,2019,"Drama, Romance",83232,2019-05-19,Céline Sciamma
tt0086190,6,2020-08-17,Star Wars: Episode VI - Return of the Jedi,https://www.imdb.com/title/tt0086190/,movie,8.3,131,1983,"Action, Adventure, Fantasy, Sci-Fi",1008390,1983-05-25,Richard Marquand
tt8637428,7,2020-08-17,The Farewell,https://www.imdb.com/title/tt8637428/,movie,7.6,100,2019,"Comedy, Drama",60808,2019-01-25,Lulu Wang
tt0087469,7,2021-05-09,Indiana Jones and the Temple of Doom,https://www.imdb.com/title/tt0087469/,movie,7.5,118,1984,"Action, Adventure",473421,1984-05-08,Steven Spielberg
tt0087544,8,2020-08-17,Kaze no tani no Naushika,https://www.imdb.com/title/tt0087544/,movie,8.1,117,1984,"Animation, Adventure, Sci-Fi",164380,1984-03-11,Hayao Miyazaki
tt0876563,6,2020-08-17,Gake no ue no Ponyo,https://www.imdb.com/title/tt0876563/,movie,7.7,101,2008,"Animation, Adventure, Comedy, Family, Fantasy",137195,2008-07-19,Hayao Miyazaki
tt0878804,7,2021-06-08,The Blind Side,https://www.imdb.com/title/tt0878804/,movie,7.6,129,2009,"Biography, Drama, Sport",317876,2009-11-17,John Lee Hancock
tt0088128,6,2020-08-17,Sixteen Candles,https://www.imdb.com/title/tt0088128/,movie,7.0,93,1984,"Comedy, Romance",112612,1984-05-04,John Hughes
tt0088247,6,2020-08-17,The Terminator,https://www.imdb.com/title/tt0088247/,movie,8.0,107,1984,"Action, Sci-Fi",832089,1984-10-26,James Cameron
tt0088763,8,2021-10-31,Back to the Future,https://www.imdb.com/title/tt0088763/,movie,8.5,116,1985,"Adventure, Comedy, Sci-Fi",1143376,1985-07-03,Robert Zemeckis
tt0887912,7,2020-08-17,The Hurt Locker,https://www.imdb.com/title/tt0887912/,movie,7.5,131,2008,"Drama, Thriller, War",440990,2008-09-04,Kathryn Bigelow
tt0088847,7,2020-08-17,The Breakfast Club,https://www.imdb.com/title/tt0088847/,movie,7.8,97,1985,"Comedy, Drama",380665,1985-02-07,John Hughes
tt8902948,6,2020-08-17,Tigertail,https://www.imdb.com/title/tt8902948/,movie,6.5,91,2020,Drama,3490,2020-04-10,Alan Yang
tt8946378,8,2020-08-17,Knives Out,https://www.imdb.com/title/tt8946378/,movie,7.9,130,2019,"Comedy, Crime, Drama, Mystery, Thriller",572190,2019-09-07,Rian Johnson
tt9032400,5,2021-11-15,Eternals,https://www.imdb.com/title/tt9032400/,movie,6.4,156,2021,"Action, Adventure, Fantasy, Sci-Fi",250770,2021-10-18,Chloé Zhao
tt0903624,7,2020-08-17,The Hobbit: An Unexpected Journey,https://www.imdb.com/title/tt0903624/,movie,7.8,169,2012,"Adventure, Fantasy",796324,2012-11-28,Peter Jackson
tt0907657,8,2020-08-21,Once,https://www.imdb.com/title/tt0907657/,movie,7.8,86,2007,"Drama, Music, Romance",114970,2007-01-20,John Carney
tt0091042,8,2020-08-17,Ferris Bueller's Day Off,https://www.imdb.com/title/tt0091042/,movie,7.8,103,1986,Comedy,343870,1986-06-11,John Hughes
tt0910970,8,2020-08-17,WALL·E,https://www.imdb.com/title/tt0910970/,movie,8.4,98,2008,"Animation, Adventure, Family, Sci-Fi",1068730,2008-06-21,Andrew Stanton
tt0091763,8,2020-08-17,Platoon,https://www.imdb.com/title/tt0091763/,movie,8.1,120,1986,"Drama, War",402284,1986-12-19,Oliver Stone
tt0092005,8,2021-06-01,Stand by Me,https://www.imdb.com/title/tt0092005/,movie,8.1,89,1986,"Adventure, Drama",387865,1986-08-06,Rob Reiner
tt0092067,6,2020-08-17,Tenkû no shiro Rapyuta,https://www.imdb.com/title/tt0092067/,movie,8.0,125,1986,"Animation, Adventure, Family, Fantasy",161027,1986-08-02,Hayao Miyazaki
tt0926084,9,2021-01-04,Harry Potter and the Deathly Hallows: Part 1,https://www.imdb.com/title/tt0926084/,movie,7.7,146,2010,"Adventure, Family, Fantasy, Mystery",522627,2010-11-11,David Yates
tt0092843,6,2020-08-23,The Dead,https://www.imdb.com/title/tt0092843/,movie,7.3,83,1987,Drama,7934,1987-09-03,John Huston
tt0093058,9,2020-08-17,Full Metal Jacket,https://www.imdb.com/title/tt0093058/,movie,8.3,116,1987,"Drama, War",715452,1987-06-17,Stanley Kubrick
tt0093748,7,2020-08-17,"Planes, Trains & Automobiles",https://www.imdb.com/title/tt0093748/,movie,7.6,93,1987,"Comedy, Drama",137189,1987-11-25,John Hughes
tt9376612,7,2021-11-23,Shang-Chi and the Legend of the Ten Rings,https://www.imdb.com/title/tt9376612/,movie,7.5,132,2021,"Action, Adventure, Fantasy, Sci-Fi",319934,2021-08-16,Destin Daniel Cretton
tt0094625,6,2020-08-17,Akira,https://www.imdb.com/title/tt0094625/,movie,8.0,124,1988,"Animation, Action, Drama, Fantasy, Sci-Fi, Thriller",178602,1988-07-16,Katsuhiro Ôtomo
tt0947798,8,2020-08-17,Black Swan,https://www.imdb.com/title/tt0947798/,movie,8.0,108,2010,"Drama, Thriller",738029,2010-09-01,Darren Aronofsky
tt0948470,7,2020-08-17,The Amazing Spider-Man,https://www.imdb.com/title/tt0948470/,movie,6.9,136,2012,"Action, Adventure, Sci-Fi",627089,2012-06-13,Marc Webb
tt0095327,9,2020-08-17,Hotaru no haka,https://www.imdb.com/title/tt0095327/,movie,8.5,89,1988,"Animation, Drama, War",261545,1988-04-16,Isao Takahata
tt9620288,6,2021-12-25,King Richard,https://www.imdb.com/title/tt9620288/,movie,7.6,144,2021,"Biography, Drama, Sport",47376,2021-09-02,Reinaldo Marcus Green
tt0096283,8,2020-12-06,Tonari no Totoro,https://www.imdb.com/title/tt0096283/,movie,8.2,86,1988,"Animation, Comedy, Family, Fantasy",321475,1988-04-16,Hayao Miyazaki
tt0096895,5,2020-08-17,Batman,https://www.imdb.com/title/tt0096895/,movie,7.5,126,1989,"Action, Adventure",360091,1989-06-19,Tim Burton
tt0097165,8,2021-04-05,Dead Poets Society,https://www.imdb.com/title/tt0097165/,movie,8.1,128,1989,"Comedy, Drama",463483,1989-06-02,Peter Weir
tt0974015,4,2020-08-17,Justice League,https://www.imdb.com/title/tt0974015/,movie,6.1,120,2017,"Action, Adventure, Fantasy, Sci-Fi",434666,2017-10-26,Zack Snyder
tt0097576,7,2021-06-05,Indiana Jones and the Last Crusade,https://www.imdb.com/title/tt0097576/,movie,8.2,127,1989,"Action, Adventure",730721,1989-05-24,Steven Spielberg
tt0097757,7,2020-08-17,The Little Mermaid,https://www.imdb.com/title/tt0097757/,movie,7.6,83,1989,"Animation, Adventure, Comedy, Family, Fantasy, Musical, Romance",252512,1989-11-13,"Ron Clements, John Musker"
tt0097814,8,2021-12-09,Majo no takkyûbin,https://www.imdb.com/title/tt0097814/,movie,7.9,103,1989,"Animation, Family, Fantasy",137496,1989-07-29,Hayao Miyazaki
tt0097937,6,2020-08-20,My Left Foot: The Story of Christy Brown,https://www.imdb.com/title/tt0097937/,movie,7.9,103,1989,"Biography, Drama",72620,1989-02-24,Jim Sheridan
tt0980970,4,2020-08-17,The Chronicles of Narnia: The Voyage of the Dawn Treader,https://www.imdb.com/title/tt0980970/,movie,6.3,113,2010,"Adventure, Family, Fantasy",150398,2010-12-02,Michael Apted
tt0983193,6,2020-08-17,The Adventures of Tintin,https://www.imdb.com/title/tt0983193/,movie,7.3,107,2011,"Animation, Action, Adventure, Family, Mystery",226615,2011-10-23,Steven Spielberg
tt0986233,7,2020-12-06,Hunger,https://www.imdb.com/title/tt0986233/,movie,7.5,96,2008,"Biography, Crime, Drama, Thriller",69400,2008-05-15,Steve McQueen
tt0993846,8,2021-02-20,The Wolf of Wall Street,https://www.imdb.com/title/tt0993846/,movie,8.2,180,2013,"Biography, Comedy, Crime, Drama",1314161,2013-12-09,Martin Scorsese
tt0099674,6,2021-01-03,The Godfather: Part III,https://www.imdb.com/title/tt0099674/,movie,7.6,162,1990,"Crime, Drama",382756,1990-12-20,Francis Ford Coppola
tt0099685,7,2020-08-17,Goodfellas,https://www.imdb.com/title/tt0099685/,movie,8.7,146,1990,"Biography, Crime, Drama",1099577,1990-09-09,Martin Scorsese
tt0099785,7,2020-08-17,Home Alone,https://www.imdb.com/title/tt0099785/,movie,7.6,103,1990,"Comedy, Family",547552,1990-11-10,Chris Columbus
